Word,Frequency,PMI,R_Entropy,L_Entropy
É½,651,80,7.77027314830502,6.313615799311375
²»,614,80,7.055594321258734,7.869298223360395
ÈË,548,80,7.477974561723959,7.206577894517917
Ò»,455,80,6.993184467513445,7.489320186461763
ÈÕ,454,80,7.351971100023799,6.717581874244704
ÔÆ,447,80,7.494573099905571,6.827924687539018
Ë®,430,80,7.287217597907803,5.688224729303158
·ç,398,80,7.047785208716576,6.6070090978989215
ÎÞ,377,80,7.237840474734465,7.574196583400161
Ìì,362,80,7.082850948639643,7.319622095979884
ÉÏ,360,80,7.213699588239066,6.988665811391815
Ê±,346,80,7.288850519797642,6.5439123534609385
´º,341,80,6.446636260458088,7.217013606361504
À´,336,80,7.195798358376079,7.11966489112793
ÖÐ,332,80,7.164681821155577,7.0269735469690815
»¨,308,80,7.028097861522242,6.676772248287027
ÔÂ,287,80,6.939137098729213,6.225309798023916
ºÎ,285,80,5.781452965485289,6.624892734504327
ÓÐ,279,80,7.275199322895146,6.843755342668848
³¤,276,80,5.73626765594849,7.115230287525796
°×,271,80,5.462706393321244,6.159946523300051
Ïà,265,80,6.531759616280253,6.816323245422085
¹é,257,80,6.230099881288494,6.777299004350961
Äê,255,80,6.755304576210411,5.726288217455936
È¥,252,80,6.647513978281402,6.706278158457861
Çï,251,80,6.16891481041636,6.93628886820042
Î¼,242,80,3.6907071030020226,6.102012080345825
¾ý,235,80,6.945596692556446,6.197445668875741
¼û,232,80,6.977848983183806,6.16077823555206
Â·,232,80,6.303037691844597,6.322046135004951
Çà,228,80,5.669881248749877,6.648427690322792
Îª,227,80,7.269174931960993,6.856950228738815
ÏÂ,227,80,6.9311198135562355,6.374615951948665
Çå,227,80,6.232610342536728,6.652395180234314
¸ß,226,80,7.02794827217388,6.221033722024733
Àï,226,80,6.877765260111398,5.370228733152643
´Ë,226,80,6.509207231897195,5.998606065957629
×Ô,225,80,7.053294096280102,6.722640996592732
ÐÐ,224,80,6.373805490825476,6.875776135276435
¶«,222,80,5.7393402798986815,6.378278724001543
Áê,221,80,6.571966154000621,3.553555412577709
ÔÚ,219,80,6.8364766079670645,7.07863394280969
Âí,217,80,6.754370261603976,6.179981611093187
ÃÅ,217,80,6.607453381709306,5.851701700037746
ÐÄ,216,80,6.711343446624564,6.678643358325891
Èç,215,80,6.834833697814357,7.0098765011136495
¿Õ,214,80,6.879029592249521,6.733278012103805
ÄÏ,212,80,5.663715443221631,5.638168248331188
Ê÷,204,80,6.735286885608534,6.233383785561717
Ã÷,204,80,5.951932988460584,6.203379927754276
³Ç,201,80,6.1653474943419,5.923721374234882
³¯,199,80,6.699907731419,6.279463038467438
Öª,198,80,6.765650783780217,5.777469036443456
½ð,195,80,6.720491950455234,6.646590923688013
¿Í,195,80,6.2808954666188335,6.586613574943716
Éú,191,80,6.979810471756008,6.426476232932341
³ö,190,80,6.581982307747858,6.7874769673883675
ÇØ,188,80,5.275066602630169,6.393558693169489
ÊÂ,187,80,6.614347611220528,6.0357374545794
Óê,187,80,6.3321799469985605,6.064732624502382
Ç§,187,80,4.887340389773002,6.442435033759337
Íò,185,80,5.152832179632229,5.990085756766519
Íû,184,80,6.587226484112354,6.008396421418917
»Ø,183,80,5.311429273817529,6.3703048699598535
²Ý,182,80,6.03962308333729,5.753870733798286
Èë,181,80,6.680488565559831,6.812629516284748
ÑÌ,181,80,6.255679612277116,6.22444292807477
¼Ò,180,80,6.742527245236305,5.844442268693584
¿ª,178,80,6.342508941419439,6.620970372876608
µÀ,176,80,6.569146439760351,6.325156080008069
Î´,176,80,6.169133793934273,6.545426432686904
ÓÎ,174,80,6.375201808976272,6.1062378576140635
Á÷,174,80,5.8210555823414785,5.981635981031711
É«,171,80,6.3951048033391915,5.564414054647007
º®,171,80,6.124244448939143,6.547859522781244
¹¬,171,80,5.882605513033302,5.903047870050661
Ò¹,170,80,6.438519185786108,6.068158038122765
µÃ,169,80,6.809641339196036,5.96953568479573
Ç°,169,80,6.514043157241083,6.202650176732338
å±,169,80,3.2143401545862282,6.0684155995021865
Èý,168,80,5.605275505400568,6.415317327102025
Óñ,165,80,6.6116316511521775,6.609549684558249
¶à,165,80,6.5251599305328885,6.768879987104521
Âä,165,80,5.497604213569705,6.012357057531555
Î÷,164,80,6.299604603241965,5.976879606557564
Ñô,163,80,6.520181562911962,5.2878351268261925
´¦,162,80,5.867875184353125,5.296673219502744
Ô¶,160,80,6.177072462742129,6.585706084627479
×Ó,158,80,6.573619952061234,5.587981146198515
·É,157,80,6.356757620620911,6.442952296543824
½ñ,157,80,5.666058729290337,5.802138842339154
±±,151,80,6.077137653927765,5.660742604751512
ÎÒ,150,80,6.414435169603285,5.855258222846541
±ð,150,80,5.77550141396121,5.865949025921972
ÁÖ,148,80,6.368202989340842,6.0542349852889785
¾Æ,148,80,6.271651322708468,6.345913866099434
ÖØ,145,80,6.058770997660265,5.906533361233416
µØ,144,80,6.353833900906625,5.795559065069466
Óë,143,80,6.569602468746914,6.659954444346032
Í¬,143,80,6.284090587640728,6.432993161329681
Éù,141,80,6.573316757029784,6.012942197474683
Ñ©,141,80,6.289880734043519,5.845118714826218
Éî,141,80,6.164194672017132,6.269035216753189
ÐÂ,141,80,5.80810360990676,6.469862781647481
×÷,140,80,6.863479615919792,4.937698286187066
ÒÑ,140,80,6.63708258483029,6.468207658654925
»¹,140,80,6.071705912291658,6.172243595187434
ÎÅ,136,80,6.456053319919228,6.009135186010608
¶À,136,80,6.025884951135898,6.188745200818136
¿É,134,80,5.969102986535769,4.47320813348695
Ê¯,133,80,6.258102405082903,6.282240175871533
Ïò,132,80,6.447029447494063,6.3327751540286865
»ª,132,80,5.698296594771994,5.822614517565045
³¾,132,80,5.563623517903008,5.846966325545658
Óû,131,80,6.485641370637554,6.2397494777370275
ÊÇ,131,80,6.317499785144833,6.241057224819803
¹â,131,80,6.045257357685162,6.0603722820545345
¹Ø,130,80,5.223386620819383,5.600765000902906
Îå,130,80,4.27773629676482,5.9356065750007065
Ë¼,129,80,6.358869365140886,6.027464761091637
ÏÐ,128,80,6.108184442653641,6.148878370090693
°²,128,80,5.606803867180598,3.230674302510538
´¨,126,80,5.95150800731811,4.40343041981482
×Ï,126,80,4.259808820013668,6.058753523800377
Æø,125,80,6.190015409922194,5.5995478381541615
¾É,125,80,6.106564762130964,6.099241766522298
Æ½,124,80,5.614838739714499,5.591427999415372
ºº,124,80,5.520499778738337,6.001878635609003
»Æ,124,80,5.267375510900266,6.211578655636891
´ä,123,80,5.868901175265655,5.96736878485729
Áú,122,80,6.3089007543548705,5.853654555517182
¾¡,122,80,5.960184875159069,6.099343185854784
Âú,121,80,6.106454742075548,5.948709367703312
ÀÏ,120,80,5.800279906598678,6.1064647660638744
¸´,118,80,6.205370118735217,5.5589921887308735
Êé,117,80,6.343436924074875,5.701648343324489
´Ó,117,80,5.67762518453371,6.068518063813678
·å,116,80,5.926807994859424,5.3167685937729585
ºì,116,80,5.605732625009392,6.1399029443935484
Â¥,114,80,5.56427932446344,5.763198827148678
¹ý,113,80,6.164498667631573,5.909421886238494
Ò°,113,80,6.098235963495997,5.783871251185795
¹ú,113,80,6.0278384464870935,5.411610130616058
Èª,112,80,5.915596571074737,5.643273795594647
Æð,112,80,5.868359266852251,6.141703799021512
²Ô,110,80,4.486331800634499,4.549503871415281
Èô,109,80,6.389056252123395,6.350881660523873
½­,109,80,5.67675839793525,5.60449786943601
Àë,109,80,5.147354232718092,5.501221176393434
ÖÕ,109,80,4.13892851303796,5.8820418282618245
½«,108,80,6.1002240872989475,6.261931670780533
¸è,108,80,6.0143724511397165,5.781554754899515
¿´,107,80,5.911583241467173,5.7976680304761095
ÁÙ,107,80,5.7449557306970584,5.716664000133957
Ïã,106,80,5.796640126341407,5.9519139436509825
³î,105,80,5.712319091186712,6.158404559042247
¾Å,105,80,5.179884514315699,5.52863448688896
Ë­,105,80,5.100090494285683,5.363713275750191
¹Å,104,80,5.785970579843683,5.234512381750775
µ±,104,80,5.678693806761455,5.698987993861151
µÇ,104,80,5.530640140466973,5.609191988994017
ºó,103,80,5.84586698893294,5.91623257582955
ÏÉ,103,80,5.807315230486823,5.722884960279221
Á¬,103,80,5.767299237689807,6.049933034043956
Íõ,103,80,5.719064557662245,5.675968058306627
³É,102,80,6.269962388888653,6.211548874683308
Äº,102,80,5.506288117154984,4.751237501829366
Ãû,102,80,5.432506579220513,5.879415146565625
ËÉ,101,80,5.6809656777742505,5.97721352762821
ÒÂ,101,80,5.388633034753866,5.888912401813106
Ì«,101,80,3.2816311192705703,5.937218230578935
¸ü,100,80,6.225113159965464,6.03527689829396
Ó¦,100,80,6.104964782459646,5.915851956140301
·Ö,100,80,5.877917444252472,6.225650756112094
¸ó,99,80,5.694426754665489,3.897210832325931
·¢,98,80,5.825164052322358,5.68207985646108
Áø,98,80,5.586043527346398,4.96471560219172
Í·,97,80,5.690116517593669,5.266798240522307
Íâ,97,80,5.55572291879007,5.151861356122012
°Ù,97,80,5.049359976270551,5.595129203382653
·½,96,80,6.169044952514909,5.775575606950326
Éí,96,80,5.749582466629949,5.600757806731991
ÄÑ,94,80,5.764063213848724,6.227370076283627
ËÄ,94,80,4.840411362878607,5.369811884931535
Ê®,94,80,4.452978539252031,4.4742384298164914
Ëù,93,80,5.86993402691142,5.197179771466131
Ì¨,93,80,5.6993469869233016,5.3254887060438065
ÎÄ,93,80,5.607412351653231,5.987702812275048
ÂÌ,93,80,5.468556584622985,5.803751001767313
³õ,92,80,5.985105359339698,5.897393725189301
ÓÌ,92,80,5.819279483019291,5.870479201512645
È»,92,80,5.738204882778696,5.530238235840954
ãÚ,92,80,5.0984336191791195,4.5998057875251055
Íí,91,80,5.607264455478376,5.514262394451667
¼ä,91,80,5.221928094887364,4.976932401428492
¹Ê,91,80,3.768193405902078,5.598661905257371
´¹,90,80,5.151871327292769,5.8483942505935875
½ü,89,80,5.655618613873088,5.7801322311038446
Î¢,89,80,5.131337181919897,4.926529265059925
ÎÊ,88,80,6.039386865314035,5.362833239024923
ºÓ,88,80,5.862946416673622,4.66791366320423
¹Ù,88,80,5.718623190409347,5.38966801860065
Ò¶,88,80,5.556757620620913,5.42202605729977
ÀÖ,88,80,5.281727678869735,5.490495144450521
·ê,87,80,5.8969280948873575,4.876712212208015
ÓÄ,87,80,5.766405696370478,5.55458885167764
¾­,87,80,5.5114047121149845,5.825774094396615
ÄÜ,86,80,6.056821570907144,4.605908989405653
Öñ,86,80,5.80047143986557,5.861057435592352
Áô,86,80,5.621428218018211,5.593094294189355
¼¸,86,80,5.219931638520265,5.534841471677197
Äñ,85,80,5.598822008681709,5.47861336934763
Ô­,85,80,4.985689690178393,4.946465074165707
Çú,85,80,4.877196731464675,5.272691249214586
Ëæ,84,80,5.810672622327239,5.976338125414382
ÑÔ,84,80,5.806890595608516,5.562503325346152
ÃÎ,84,80,5.657882376868658,5.701724527651696
·Ç,84,80,5.544353113965451,5.963590138779949
Çé,83,80,5.546593564294941,5.613411150854012
Òâ,83,80,4.9829888819963974,5.794829622625197
Òà,82,80,5.895670260948242,6.037090021005124
ÕÕ,82,80,5.7845159220110425,5.21978323071441
±Ì,82,80,5.299499648473297,5.616601684782744
µ½,81,80,5.736216203349848,5.665739683214532
Í¨,81,80,5.716214253900366,5.854525493919623
Òõ,81,80,5.671780584510632,5.527642470572459
Ëê,81,80,5.487499936284202,5.379684159015883
±ß,80,80,5.431208948910325,5.216216486582232
¾Ó,79,80,5.571000848915581,5.292844757170333
µÛ,79,80,5.120260021901851,5.5121987351738495
ËÆ,78,80,6.063716987127801,5.9662101223857125
º£,78,80,5.733780794838508,5.093953877643298
Ï¦,78,80,4.898301790406735,5.048394345536402
·¼,78,80,4.852483509140819,5.570081599857965
Îï,77,80,5.6839561893842365,5.1029649365326835
ËÞ,77,80,5.576977058336781,5.380051087118885
×í,77,80,5.331954882778696,5.573557262275184
»Ê,77,80,5.244974852497251,4.871366827971274
ËÍ,77,80,5.0320849015142475,5.43747927806539
³µ,77,80,4.87802525590594,5.552516804943379
ÉÙ,76,80,5.562830786088642,5.120827762331649
Òä,76,80,5.472440869400794,5.053830857031989
ÊÀ,76,80,5.255017719007068,5.085812565690344
Óù,76,80,5.009336672288765,5.310443057719024
´ó,75,80,5.702727355328889,5.451444537992759
Ñ°,75,80,5.6223636983752625,5.264601350674563
Ò£,75,80,5.472054157073346,4.611080033208379
Ïç,75,80,5.460975803905793,4.806644007745499
·ï,75,80,4.602025622269539,5.236398786094562
Â¶,74,80,5.55336766528987,5.006071013101174
Ìï,74,80,5.305948228589606,5.358223467644439
±¯,73,80,5.381359713524656,5.7822439073949985
³Ø,73,80,5.2871123387294405,5.233451062999073
Ê×,73,80,5.218094990837058,3.215734912808345
°ë,72,80,5.339750288457822,5.4763469105989495
Òò,71,80,5.636911765052345,4.775101964004423
Ô°,71,80,5.390272895264166,4.903490391884925
ÆÚ,71,80,5.271928094887364,5.771142620598478
ºÃ,71,80,5.068691731826158,5.407527792867049
²Ð,71,80,4.975578935817141,5.563856189774728
Õý,70,80,5.699623096598408,5.557706394904467
¶¯,70,80,5.576977058336781,5.69178695674681
âÅ,70,80,5.548394345536402,4.711012335876814
Îô,70,80,5.290595400819917,4.918527614374179
¹«,70,80,5.174823786018651,5.194012702190809
Ê«,70,80,4.777569011092753,5.602868485103867
Éñ,69,80,5.2504036179525455,5.277613436819113
¹Â,69,80,5.046974639151892,5.087462841250338
ÇÅ,69,80,4.536174630069642,3.8045539243467195
¶Ô,68,80,5.607509133144316,5.392747410448787
ÐÇ,68,80,5.36799003280929,5.29490721348532
´µ,67,80,5.534620865779925,4.470211823734571
³¼,67,80,5.51556259687346,4.716458562854841
Ð¡,67,80,5.287112338729441,5.358519762996339
²¨,67,80,5.034595439756189,5.439624745015668
¹²,66,80,5.809397528383811,5.518685881753033
Ôø,66,80,5.676747717744969,4.907962016217059
×ø,66,80,5.369682667895898,4.829186840531066
Ïª,66,80,5.312987193844179,5.469146220500344
Ö¦,66,80,4.793345194191515,4.968917100463589
»ò,65,80,5.812988728806353,2.0
Ä¾,65,80,5.487262199805395,4.516986010390304
ºÍ,65,80,5.389898095464286,5.194729486133922
Ãù,65,80,5.305948228589606,5.333500696567848
Á½,65,80,5.133530312862035,5.402569011092754
ºö,64,80,5.656067050642171,4.88170383378084
Äª,64,80,5.601409765557392,4.852168723603279
µî,64,80,5.2462817929665,4.90856854549477
Æñ,64,80,5.059674852072124,5.072140159802107
Íù,64,80,4.592832270837162,4.226730915057128
¾ª,63,80,5.685567202024122,5.643776391052357
ÏÈ,63,80,5.540223928941851,5.4182958340544936
Ê¼,63,80,5.4405298742243815,5.136248672727251
Óð,63,80,4.530533939009002,5.275079018314824
ÖÁ,63,80,3.8289901884459603,5.483856189774728
ÓÆ,63,80,2.9478079862069166,2.944251811371945
¾°,62,80,5.341822894230831,5.030394654123198
¶÷,62,80,5.176151091861087,5.0134127836492075
¸¡,62,80,4.628801663141734,5.3767165755751956
Ëª,61,80,5.383113822321236,5.45996250072116
Êý,61,80,5.057924699764576,4.9902797828538645
Çç,61,80,5.02861134215695,4.3544425746945725
¾ø,61,80,4.925421221006456,5.57697705833678
Çî,61,80,4.804507667524723,4.892473628725218
ÐË,60,80,5.124093266315399,4.862507470762514
¶þ,60,80,4.956866124326012,4.70349696116366
½Ú,60,80,4.939183095358683,4.745141646068964
ÉÐ,59,80,5.492897056442666,5.468758439731459
Ïþ,59,80,5.390272895264166,4.923181998146334
Òþ,59,80,5.215639067371548,5.261842188131015
Í¤,59,80,5.176428324170393,4.68082653147046
Ê¥,59,80,5.06300016799144,5.0701673160182334
»¶,59,80,4.603209378618531,4.997063670513364
ÒÀ,59,80,4.165295174055974,4.6172750685923125
Æä,58,80,5.503856900091694,5.061482186720775
·÷,58,80,5.436731930947546,5.416691881561028
×ª,58,80,5.119522262948263,5.333500696567849
Ô·,58,80,5.083127836047133,4.435401709959087
°¶,58,80,5.019060684834029,3.6453938890606294
º×,57,80,5.319235677759421,5.165979011114014
Ïô,57,80,3.9409351739322234,4.576389796954473
½Ô,56,80,5.664497779200466,5.6724253419715005
ÇÒ,56,80,5.421468485014094,5.101345257520845
´ø,56,80,5.269630874107452,5.428758439731458
Áë,56,80,5.106603137064477,3.844646161579705
¶Ï,56,80,4.970226604133799,5.4387158628634635
Ôç,56,80,4.906159452920695,4.984769618706746
×ã,55,80,5.315685975582017,4.958562939644918
Çá,55,80,5.176428324170393,5.379753126795121
¿à,55,80,5.07065611315193,5.431208948910326
Æï,55,80,4.931687083026443,5.17223367521999
Á¹,55,80,4.804507667524723,4.48952807697615
¹È,55,80,4.683125554510687,4.636842188131012
ºÏ,55,80,4.538909765557392,5.235902344426087
¼Å,55,80,2.491372715247041,4.511085408180429
Ò÷,54,80,5.363856189774728,5.2084111518371525
»³,54,80,5.293660689688188,5.136248672727251
Áé,54,80,5.257367497088128,5.019060684834029
ÑÒ,54,80,5.2243841892533345,5.036616208140157
»á,54,80,4.411891879025521,5.215002357224489
´«,53,80,5.240218243074191,5.277613436819114
ÂÒ,53,80,5.21500235722449,5.215002357224489
ÌÃ,53,80,5.103055907333276,4.926428324170392
»­,52,80,5.070442309078417,5.260456902679035
¾©,52,80,4.621093043572804,4.909825458338514
Ñî,52,80,3.753147411809249,4.030550586744644
Ö÷,52,80,3.4584538292330587,3.8780920448906833
ÈÆ,51,80,5.492260864523372,5.314075318551896
½Ó,51,80,5.232158891364568,5.150324384887384
Ð¦,51,80,5.2226627197680635,5.023037065532882
É³,51,80,5.017535737070865,4.831074987250572
Ö±,51,80,4.930484321585717,4.875
Èº,51,80,4.698998006617719,5.028639311838573
ÉË,51,80,4.5775671571169285,5.058302540677964
ÒÔ,50,80,5.373660689688189,4.562049418452559
¾õ,50,80,5.306170651709184,4.610902344426085
ÒÉ,50,80,5.221928094887364,5.376629167387827
Êè,50,80,5.016738232040776,5.142664355548852
Õß,50,80,4.9837880587523955,5.4136606896881885
Ê¶,50,80,4.964904158123496,4.517808423307219
Ó°,50,80,4.839700558686835,5.306170651709183
Ë«,50,80,4.708457355205684,5.003258334775643
±¦,50,80,4.6924271307510725,4.964904158123495
µ¤,50,80,4.683900854840989,4.969815782426808
´å,50,80,4.6150610122030695,5.191635874011298
¹¦,50,80,4.392126684633539,5.021928094887363
ÓÖ,49,80,5.376629167387826,4.773557262275186
º¬,49,80,5.313589691009832,5.201841232302572
Ôª,49,80,5.065572312741006,4.212814895472355
Ìý,49,80,5.053055907333277,5.201841232302572
¾²,49,80,5.028639311838574,5.203055907333277
¼£,49,80,4.735926350629034,5.016088589983936
¸ô,48,80,5.076825785000351,5.131556065016094
Ìõ,48,80,4.984769618706745,3.1458606763332133
ÐÝ,48,80,4.954196310386877,5.141249800455477
³£,48,80,4.92511855035714,4.578780557638898
Àá,48,80,4.6717805845106355,4.972834784489399
Ðë,48,80,4.66976882416766,4.635006998015215
ÖÓ,48,80,4.569007574818198,4.351183103914668
¼«,48,80,4.530057719116298,4.780470187252587
Î¨,48,80,4.344055775526631,4.142914673354254
ÒÆ,47,80,5.211210541203448,5.249460279921619
´Ç,47,80,5.182838116298145,5.0886296251082035
Í¥,47,80,5.1542221846835234,4.547439360470671
Ö»,47,80,5.129056936784022,4.070656113151928
Óã,47,80,5.021928094887363,4.785151577725659
Ö®,47,80,4.971928094887362,5.124093266315399
Õ÷,47,80,4.948896211882388,4.954196310386877
É¢,47,80,4.9375,5.163966707392707
È´,47,80,4.884168106904726,4.247927513443583
¾Ã,47,80,4.797579003389626,4.964904158123496
ÊÖ,47,80,4.7045114597155475,3.4874166950810848
ÓÇ,47,80,4.6717805845106355,4.682587475161557
³Ù,47,80,3.6635327548042533,4.658368242872937
ÌÒ,47,80,2.19448064485046,4.947702779220088
³Ë,46,80,5.269630874107451,4.572469458770134
¼Ä,46,80,5.2226627197680635,5.003258334775643
Ô¸,46,80,5.055958151615121,3.6168746059562222
Ê¤,46,80,4.945772482251059,4.399400479858467
Îá,46,80,4.880524762900187,3.6897037321995465
»ð,46,80,4.786425874087821,4.832923345975962
ºá,46,80,4.736216203349846,4.855789718806774
Ê¹,45,80,5.192798650906777,5.009635872652927
²Å,45,80,5.142664355548852,4.8416252446982275
Ñà,45,80,4.875,4.8711781263822145
Óï,45,80,4.857980995127571,4.996601437350926
Ä¿,45,80,4.852168723603279,4.627986806877673
ÐÒ,45,80,4.836433629007711,4.3735572622751855
Á¯,45,80,4.810672622327237,3.4670696874393787
¶·,45,80,4.661759784372454,4.625409028482011
¶È,45,80,4.6534955617749425,5.249460279921619
ÖÝ,45,80,4.277613436819114,4.427975300790613
Ð±,45,80,3.965763650957669,4.932138039759376
Îè,44,80,5.259991029008325,4.837147500958408
ÖÛ,44,80,5.114369445886754,4.682587475161557
Å®,44,80,5.0374011976541135,4.871928094887363
É®,44,80,4.825164052322361,4.731884343063671
¸Ð,44,80,4.756618568273184,4.582118926162054
±¡,44,80,4.725480556997866,4.5121987351738495
²½,44,80,4.476409765557392,4.871178126382214
Ëä,43,80,5.176151091861087,4.9375
Ï¼,43,80,5.1699250014423095,3.9255827776560324
Í½,43,80,5.0719280948873635,4.906890595608519
Èû,43,80,5.058813890331199,4.611949334080442
×È,43,80,5.01499730265925,3.889549430862088
Æ®,43,80,4.737322779818596,4.348394345536403
Ñã,43,80,4.65057194545458,5.058813890331199
Ðù,43,80,4.51839711669891,4.843568731230678
ÕÛ,43,80,4.494680368408909,4.764857659740294
Íü,43,80,4.413716068381602,4.8122096138120884
Õù,42,80,5.080274013734042,4.748940047005428
Ò¡,42,80,5.064869077788814,4.55810662971865
¼°,42,80,5.01499730265925,4.807763576417193
°®,42,80,4.993237149412737,4.726409765557392
Ó³,42,80,4.97770991116994,4.879506460812008
ÒÐ,42,80,4.948896211882388,4.857980995127571
½õ,42,80,4.815622570826658,4.9375
Ê¦,42,80,4.754887502163471,4.73351713659012
Àñ,42,80,4.718488437474714,4.779094498080775
ÁÐ,42,80,4.625,4.6717805845106355
»Ä,42,80,4.367257164041649,4.82516405232236
µö,42,80,4.356498487629712,4.681880802803404
ÑÕ,42,80,3.8817276788697366,5.047291203466791
°Õ,41,80,4.789015477886192,4.836591668108977
ËÀ,41,80,4.523561956057013,5.131556065016094
¹Ë,41,80,4.504706483564823,4.091135423220311
ËÂ,41,80,4.142664355548846,4.8365916681089764
¼Ñ,41,80,2.951819375511108,4.700439718141092
Òì,40,80,5.01499730265925,4.910992253015044
´ý,40,80,4.748940047005428,4.625
ÈÝ,40,80,4.735926350629035,4.596483105491917
Öì,40,80,4.7019435649606205,4.469670487371861
ºÞ,40,80,4.6808134280893965,5.058813890331199
Ðé,40,80,4.680757755722092,4.840223928941852
Ãæ,40,80,4.664497779200462,4.336182987871123
Ò©,40,80,4.504706483564823,4.571374711042188
½á,40,80,4.322756958897398,4.501629167387823
Ä°,40,80,4.253235913127292,3.5440274896488506
±ø,39,80,5.028639311838574,4.664497779200462
Ð»,39,80,4.829966150010236,5.01499730265925
Å¯,39,80,4.789015477886192,4.392126684633539
Ó­,39,80,4.779094498080775,4.889680181354619
ÎÔ,39,80,4.75,4.815622570826658
Ë¿,39,80,4.720049960644813,4.170642544469059
¹Ä,39,80,4.625,4.5739896062215655
¾®,39,80,4.396291529045929,4.126729069922255
×ð,39,80,4.386842188131012,4.193157783704259
Áº,39,80,4.142914673354254,3.999861811516424
¿°,38,80,4.945038697540247,4.361052349254429
Òý,38,80,4.852168723603279,4.7362967135428935
½¼,38,80,4.815622570826659,4.390319531114783
Öð,38,80,4.73452166477975,4.8625759375402735
Ï²,38,80,4.663909765557392,4.7362967135428935
Ñç,38,80,4.578780557638898,4.476409765557392
Öé,38,80,4.488506136056213,4.450659520888913
³þ,38,80,4.452819531114783,4.52164063634332
ÅÌ,38,80,4.3565583354166755,4.152492594515677
µÍ,38,80,4.349648912578752,4.947702779220088
¹ó,38,80,4.3199025797939585,4.567099536193327
»¯,38,80,4.23890125660263,4.164735178725505
ËØ,38,80,3.9139097655573916,4.640223928941852
½»,37,80,4.957854445516393,4.625053839880556
ÒÅ,37,80,4.923181998146335,4.388683047733199
À¼,37,80,4.852168723603279,4.720049960644813
¿Ú,37,80,4.735926350629034,4.248778905366473
Òû,37,80,4.663909765557392,4.643856189774723
²¡,37,80,4.663909765557392,4.256564762130955
·­,37,80,4.532665279941249,4.840223928941852
½£,37,80,4.52164063634332,4.7362967135428935
ºú,37,80,4.511864717675341,4.169925001442312
ÖÜ,37,80,4.348394345536403,4.303508854797679
¾¶,37,80,4.315824333525707,4.305496793698874
°Ë,37,80,4.019207419215228,4.334962500721156
¶´,37,80,3.654263725997023,4.606739354015323
°µ,36,80,4.957854445516393,4.720049960644813
Ê§,36,80,4.8125,4.760647923290102
ÏÄ,36,80,4.760647923290102,4.664497779200462
¹Û,36,80,4.6940193571219355,4.825164052322361
¸Ê,36,80,4.683542362433228,4.789015477886192
Ðü,36,80,4.6808134280893965,4.906890595608519
ÀÍ,36,80,4.6375375112660535,4.889680181354619
¼¦,36,80,4.625,3.8962915290459277
Æë,36,80,4.584962500721156,5.044394119358456
Æì,36,80,4.582118926162054,4.2107645737727895
ÕÅ,36,80,4.556088322639177,4.640223928941852
¹ð,36,80,4.5232314287976205,4.6808134280893965
¶¨,36,80,4.501629167387824,4.538909765557392
¼Ý,36,80,4.501629167387823,4.491443355765327
¸³,36,80,4.392747410448784,4.132914563979398
²É,36,80,4.318867931899242,4.5465935642949376
Ç×,36,80,4.297079327540665,4.5746987351738495
Ì¦,36,80,4.286790198827112,3.685917579505496
ÓÉ,36,80,4.237291339955158,3.4203616322696266
±ù,36,80,4.1852301329094015,4.483856189774723
Óæ,36,80,4.173033892020167,4.440636352673265
Ï¢,36,80,4.1523912776298655,3.76062054430996
Ê¢,36,80,4.086790375244805,4.735926350629034
±­,36,80,3.849223912390625,4.013070929103844
Â¤,36,80,3.5558773254469167,4.501629167387823
ÈÔ,35,80,4.910992253015044,4.5638561897747225
½â,35,80,4.807354922057606,4.720049960644813
ÆÜ,35,80,4.6717805845106355,4.779094498080775
Àä,35,80,4.664497779200462,4.573557262275186
µ«,35,80,4.61499730265925,3.6644977792004623
Ðþ,35,80,4.32316116739216,4.349648912578752
³Ð,35,80,4.261725074756385,4.623516641218014
Áù,35,80,4.245469029158445,3.4316235658474294
¶¼,35,80,4.21126073643228,4.440636352673265
É£,35,80,3.909368063943885,4.469670487371861
»ý,35,80,3.8657646371790224,4.201841232302569
›º,35,80,3.7959585933443494,2.0458416408851745
×¡,35,80,3.75,4.593429088311723
Åî,35,80,3.0091255469473577,4.282484261342601
Äî,34,80,4.969815782426808,4.132944044980959
´°,34,80,4.8125,4.469670487371861
Áî,34,80,4.61506101220307,4.31971753049182
¹Ý,34,80,4.523561956057013,4.413909765557392
ÏØ,34,80,4.4838561897747224,4.578780557638898
ÐÅ,34,80,4.469670487371861,4.825164052322361
³¿,34,80,4.438067278128811,3.546439344671015
Çó,34,80,4.430632409490749,4.532665279941249
Ìä,34,80,4.418295834054489,4.026210641914682
ÏÍ,34,80,4.349648912578752,4.825164052322361
Éò,34,80,4.321296333684861,4.176752669776922
ÑÚ,34,80,4.280173484544102,4.6150610122030695
ÕÂ,34,80,4.163856189774723,3.997696811857738
Æß,34,80,4.12728313431329,4.1219280948873624
Çý,34,80,4.103727665980414,4.39231742277876
Á¢,34,80,3.9976702764876118,4.450212064914748
ºî,34,80,3.931838457168457,4.077819531114783
Ï¡,34,80,3.7004397181410926,4.225619876671973
Îä,34,80,3.520763631426055,4.053508854797679
×ò,34,80,2.728074061850961,3.334679141051595
Ëì,33,80,4.9375,4.436605434317882
±ã,33,80,4.720049960644813,4.1219280948873624
»¢,33,80,4.6808134280893965,4.423251796980338
²Ê,33,80,4.651084443403434,4.6808134280893965
Öç,33,80,4.5625,4.262692390839622
»§,33,80,4.556088322639177,3.7998008763572906
Ãü,33,80,4.418295834054489,4.825164052322361
µÆ,33,80,4.403856189774722,4.651084443403434
°ø,33,80,4.321928094887363,4.0667842134731025
Ýº,33,80,4.102377860175046,4.053508854797679
¶ù,33,80,4.021928094887362,4.430632409490749
Ã£,33,80,3.5238561897747234,2.6276013115120564
À¶,33,80,3.0755059710789405,4.349648912578752
¾í,32,80,4.664497779200462,4.349191770915039
Æ«,32,80,4.643856189774723,4.643856189774723
ÓÚ,32,80,4.640223928941852,4.578780557638898
ÂÞ,32,80,4.6150610122030695,4.095795255000931
»ê,32,80,4.584962500721156,4.517559429596343
ÍÁ,32,80,4.501629167387823,3.9434651896016453
¾ü,32,80,4.4838561897747224,3.791924539200507
ÃÔ,32,80,4.349648912578752,4.8125
Á¼,32,80,4.324862957617357,4.459431618637295
Àí,32,80,4.321928094887363,4.760647923290102
÷Þ,32,80,4.231401845392172,4.32859953904025
Â¹,32,80,4.1767526697769215,3.865764637179023
ÓÀ,32,80,4.102678595702848,4.0
Å£,32,80,4.0994705707972505,4.303508854797679
ÄÚ,32,80,4.070656113151927,4.556088322639176
·×,32,80,4.027054744592981,3.96265904868606
Ñï,32,80,3.91397707318275,4.1053885422075345
ÐÛ,32,80,3.892407118592875,4.444187891679296
×ß,32,80,3.874211167093752,4.483856189774723
Ú¤,32,80,3.8542858719872455,4.008132025833399
·ò,32,80,3.840811597071986,4.532665279941249
óÛ,32,80,3.807763576417195,3.744203568311812
Ð¯,32,80,3.08929362434924,4.303508854797679
Ñ§,31,80,4.857980995127571,4.32490081792507
¼´,31,80,4.651084443403434,4.459431618637295
Ïë,31,80,4.5661089398374815,4.004886164091841
·¿,31,80,4.459431618637295,4.031401845392171
ÂÛ,31,80,4.368522527728205,4.700439718141092
·â,31,80,4.315824333525707,4.3248629576173565
ÓÃ,31,80,4.221928094887362,4.257111133792139
¸Ç,31,80,4.221928094887362,4.112820978767682
Òø,31,80,4.1898980954642875,4.084183719779189
¸®,31,80,4.169925001442312,4.413716068381602
Îí,31,80,4.152391277629865,4.004344446367529
¾Õ,31,80,4.102678595702847,3.725650756112093
³à,31,80,4.090234012145145,4.142664355548846
Æµ,31,80,3.906890595608518,4.501629167387823
Éý,31,80,3.815995906672543,4.5638561897747225
Ï¸,31,80,3.718807189162096,4.247927513443583
·á,31,80,3.4316235658474294,2.3845171317930984
Ö¸,30,80,4.556088322639176,4.606739354015323
±Þ,30,80,4.523561956057013,3.72290749432188
·º,30,80,4.4838561897747224,4.523561956057013
ÒË,30,80,4.458591205867174,4.623516641218014
½û,30,80,4.423251796980339,3.7414460711655213
µÂ,30,80,4.221928094887362,4.363713275750189
ç²,30,80,4.208966082694624,4.501629167387823
³ß,30,80,4.201841232302569,3.1550455468258036
Õæ,30,80,4.136842188131012,4.606739354015323
Ðå,30,80,4.106377316818028,4.321928094887363
Á¦,30,80,4.070656113151928,4.3637132757501895
ÎÌ,30,80,3.6644977792004623,4.487122805397798
Ï§,29,80,4.735926350629034,4.483856189774723
·î,29,80,4.625053839880556,4.084962500721157
ÔÝ,29,80,4.556088322639176,3.7735572622751845
ÑÂ,29,80,4.504706483564823,4.229871195093384
³²,29,80,4.43063240949075,4.523561956057013
ÔØ,29,80,4.349648912578752,3.530963873657757
¾Ù,29,80,4.315824333525708,3.969815782426811
Ôµ,29,80,4.297079327540665,4.310443057719026
½¥,29,80,4.254195650150781,3.546593564294939
¿Ý,29,80,4.243856189774723,4.349648912578752
éÔ,29,80,4.208410187268527,4.095795255000931
ÊÕ,29,80,4.142664355548846,4.323856189774723
ÔÀ,29,80,4.08746284125034,4.053660689688185
Õ½,29,80,4.026986833359287,4.436605434317882
¹Ú,29,80,3.931720687981077,3.5883543471732335
Äþ,29,80,3.863465189601645,3.459431618637298
å·,29,80,3.192380602454975,3.4104172527605203
ÏÌ,29,80,2.200786166646137,3.969815782426811
½§,28,80,4.700439718141092,3.7887549139935017
Ê³,28,80,4.523561956057013,2.8322488896002307
Ðí,28,80,4.386842188131012,4.501629167387823
ÉÍ,28,80,4.297079327540665,4.351823225551767
µã,28,80,4.286790198827112,3.969001629875993
³Â,28,80,4.243856189774723,4.349648912578752
ºè,28,80,4.1429146733542535,4.133660689688185
×³,28,80,4.070656113151928,4.070656113151928
Æ¶,28,80,4.03740119765411,4.03740119765411
Ì¾,28,80,3.931720687981077,4.323856189774723
Á«,28,80,3.232487689168953,4.349648912578752
²õ,28,80,2.970950594454669,4.165894208390023
Ã¿,27,80,4.606739354015323,3.418295834054489
±¨,27,80,4.459431618637295,4.418295834054489
Ò×,27,80,4.39231742277876,4.483856189774723
ÊÆ,27,80,4.368522527728205,3.969815782426811
Óö,27,80,4.297079327540665,4.334962500721156
Ëµ,27,80,4.142664355548847,3.9434651896016453
ÀÉ,27,80,3.94770277922009,4.469670487371861
Æ¾,27,80,3.9434651896016457,3.8073549220576055
¿ñ,27,80,3.9139770731827506,4.247927513443583
»ú,27,80,3.8521687236032816,4.084962500721157
Ô³,27,80,3.8442328987631913,4.403856189774722
Äà,27,80,3.8365916681089787,4.021928094887363
µÚ,27,80,3.7442393049484353,4.458591205867174
Í¯,27,80,3.744239304948435,3.9318384571684564
Ö¥,27,80,3.5337712560645564,3.3500510751569914
Çð,27,80,3.4677201004745006,4.1053885422075345
ÁÚ,27,80,3.334679141051595,4.16829583405449
ÃÀ,27,80,3.2776134368191143,4.142664355548847
ìº,27,80,3.083765141069551,4.201841232302569
áª,27,80,2.2952174219545816,3.5383105956150045
Ñá,26,80,4.523561956057013,4.293660689688184
ÆÆ,26,80,4.368522527728205,4.297079327540665
Í¶,26,80,4.349648912578752,4.321928094887363
Æ¬,26,80,4.323856189774723,2.855953642864355
Í¾,26,80,4.297079327540665,3.7409532604048397
Í¼,26,80,4.247927513443583,4.053508854797679
²Ø,26,80,4.243300368538955,4.643856189774723
Ê¿,26,80,4.221928094887362,4.136842188131012
¶û,26,80,4.163856189774723,4.243300368538956
ÁÔ,26,80,4.070656113151928,3.9841837197791885
Öî,26,80,4.023465189601646,4.169925001442312
Ï×,26,80,3.9941117190410806,3.969815782426811
ÑÛ,26,80,3.9736606896881845,3.5766176449086644
»è,26,80,3.969815782426811,4.16829583405449
³Á,26,80,3.8924071185928746,3.9841837197791885
Ãß,26,80,3.8073549220576055,4.623516641218014
Ðú,26,80,3.277613436819116,4.2626923908396215
ìé,26,80,3.169925001442312,3.5035391228040247
Òó,26,80,3.121706277574313,3.169925001442312
Ô§,26,80,2.1438918599705357,4.0
½Ì,25,80,4.584962500721156,4.584962500721156
ÔÙ,25,80,4.5638561897747225,3.3248629576173574
ÊØ,25,80,4.39231742277876,4.106603137064474
Äý,25,80,4.247927513443583,4.110093477608016
Åû,25,80,4.201841232302569,3.5
Å¼,25,80,4.165894208390023,3.702819531114783
¸²,25,80,4.142664355548847,4.418295834054489
°§,25,80,4.1219280948873624,3.7004397181410926
Åã,25,80,4.084962500721157,4.373660689688184
¹Ç,25,80,4.058813890331201,4.584962500721156
ÈÙ,25,80,3.94770277922009,4.39231742277876
ÇÙ,25,80,3.94770277922009,4.021928094887363
Ë¥,25,80,3.875,4.321928094887363
Òô,25,80,3.875,4.165894208390022
ÊÌ,25,80,3.753269689515107,4.142664355548846
×î,25,80,3.682817315121022,4.418295834054489
¾µ,25,80,3.6644977792004623,4.152391277629865
Ñþ,25,80,3.617796811598595,4.169925001442312
Ïö,25,80,3.6163485660751626,3.5697738350294785
ÄÇ,25,80,3.589275070710712,3.8073549220576055
Ô´,25,80,3.378783493486176,3.2350849518197786
Áý,24,80,4.321928094887363,4.297079327540665
Êô,24,80,4.297079327540665,4.316827716832514
Î©,24,80,4.251629167387823,3.969815782426811
Öò,24,80,4.08746284125034,3.914866303883101
Óª,24,80,4.058813890331201,4.368522527728205
±Ú,24,80,4.0,4.061482186720775
·Û,24,80,3.9690016298759936,4.08746284125034
µ¹,24,80,3.8521687236032816,3.6219280948873624
ô¢,24,80,3.787143960698138,3.794653473544342
µÜ,24,80,3.725104217943958,3.3082708345352603
¶¦,24,80,3.7216117239698994,3.68354236243323
ÅÊ,24,80,3.6901165175936654,4.186704345910023
´æ,24,80,3.334679141051595,4.03740119765411
ºþ,24,80,3.303701696057348,2.9928560501604604
³Û,24,80,3.1751231351134614,4.084183719779189
Ïû,24,80,3.121928094887362,4.297079327540665
°Ø,24,80,3.121928094887362,3.197159723424149
³¦,24,80,2.999581230646064,3.8408115970719865
ºÆ,24,80,2.808694969562842,3.1751231351134614
Ìö,24,80,2.382013942251288,2.1887870678023824
²Ñ,23,80,4.436605434317882,3.840811597071986
¼È,23,80,4.349648912578752,4.0
Î£,23,80,4.321928094887363,4.247927513443583
³Ö,23,80,4.321928094887363,3.875
Çã,23,80,4.277613436819114,3.969815782426811
µ´,23,80,4.221928094887362,3.844232898763191
Óß,23,80,4.221928094887362,2.691433021821464
Á±,23,80,4.1523912776298655,3.4045428133422924
¹û,23,80,3.9976702764876113,3.9841837197791885
±ä,23,80,3.969815782426811,4.459431618637295
Ç£,23,80,3.875,4.297079327540665
Ãí,23,80,3.8521687236032816,3.9841837197791885
Òµ,23,80,3.807763576417195,3.91397707318275
Õ¬,23,80,3.8073549220576055,4.368522527728205
ðØ,23,80,3.773557262275185,3.1016094970590276
Úé,23,80,3.75,3.208694969562842
Ì¶,23,80,3.746439344671015,3.969815782426811
Óô,23,80,3.721928094887362,3.975418017913832
Àô,23,80,3.7004397181410926,4.321928094887363
ÆÖ,23,80,3.7004397181410926,3.646439344671015
¶É,23,80,3.6901165175936654,3.9976702764876113
´²,23,80,3.640223928941851,4.03740119765411
±é,23,80,3.584962500721156,4.221928094887362
ÚÉ,23,80,3.5841837197791886,3.921928094887362
¼±,23,80,3.4677201004745006,4.058813890331201
ÊÙ,23,80,3.456564762130954,3.884183719779189
Ðã,23,80,3.2516291673878226,3.9321380397593733
ÏÒ,23,80,3.2516291673878226,3.8408115970719865
Ã©,23,80,3.234366979778612,3.821928094887362
´Ê,23,80,2.9995812306460645,4.08746284125034
æä,23,80,2.795461844238322,3.521640636343319
±Ø,22,80,4.459431618637295,3.0717350271381685
Ç±,22,80,4.297079327540665,3.969815782426811
Îâ,22,80,4.201841232302569,3.969815782426811
ÇÝ,22,80,4.169925001442312,4.201841232302569
ÇÖ,22,80,4.142664355548847,4.297079327540665
½µ,22,80,4.142664355548846,4.321928094887363
ºÉ,22,80,4.061482186720775,3.875
ÊÓ,22,80,4.058813890331201,3.4058222502856896
ÊÒ,22,80,4.0,4.297079327540665
±Ü,22,80,3.975418017913832,3.6644977792004623
ÈÖ,22,80,3.969815782426811,3.8268748818646365
ÒÄ,22,80,3.969815782426811,3.6163485660751635
³¢,22,80,3.969815782426811,3.584962500721156
Ñö,22,80,3.9321380397593737,3.418295834054489
×Ú,22,80,3.906890595608518,3.9321380397593733
ìø,22,80,3.8521687236032816,3.94770277922009
Àú,22,80,3.8365916681089787,3.969815782426811
±¾,22,80,3.821928094887362,4.08746284125034
Ç½,22,80,3.8073549220576055,4.142664355548846
ö°,22,80,3.8073549220576055,3.6537567082870006
Ç÷,22,80,3.7871439606981383,4.142664355548847
ð½,22,80,3.6901165175936654,3.182005814760214
±¼,22,80,3.6644977792004623,4.169925001442312
±Õ,22,80,3.6143694458867563,3.8521687236032816
Ö¾,22,80,3.5465935642949384,3.9321380397593733
Ëï,22,80,3.5465935642949384,3.1746742319786425
È«,22,80,3.5,3.969815782426811
ÌÁ,22,80,3.459431618637298,3.266056258283368
ÎÝ,22,80,3.4182958340544896,3.101609497059027
·±,22,80,3.334679141051595,3.94770277922009
ÌÕ,22,80,3.327339900083508,3.7004397181410926
Óî,22,80,3.286895754518763,3.820888851350188
ÉÑ,22,80,3.277613436819116,2.0717350271381694
Òí,22,80,3.1219280948873624,3.2776134368191143
ÉÕ,21,80,4.297079327540665,4.058813890331201
ÖÖ,21,80,4.221928094887362,3.969815782426811
Àî,21,80,4.221928094887362,2.9847696187067423
²¢,21,80,4.169925001442312,4.169925001442312
Æú,21,80,4.169925001442312,4.142664355548846
·«,21,80,4.1219280948873624,3.884183719779189
Ñ²,21,80,4.058813890331201,3.8521687236032816
ÄË,21,80,4.011365041826378,3.640223928941852
Ë×,21,80,4.0,4.03740119765411
´ú,21,80,3.969815782426811,3.921928094887362
ÛÖ,21,80,3.94770277922009,3.439936470397808
È¡,21,80,3.94770277922009,3.337175341123077
Ú¯,21,80,3.932138039759373,3.459431618637298
·þ,21,80,3.906890595608518,4.021928094887362
ÑÓ,21,80,3.906890595608518,3.875
À×,21,80,3.8365916681089787,3.4104172527605203
Ã«,21,80,3.8073549220576055,3.5219280948873624
°é,21,80,3.773557262275185,4.021928094887363
Ã¼,21,80,3.7735572622751845,3.2813734094119904
Õ´,21,80,3.6897037321995465,4.142664355548846
ÐÔ,21,80,3.6644977792004623,3.8841837197791893
éý,21,80,3.6414460711655217,3.1279868068776753
¾ä,21,80,3.5724694587701364,3.577819531114783
¾£,21,80,3.530493056757482,3.794653473544342
³½,21,80,3.459431618637298,3.0056785904566765
Ãð,21,80,3.4182958340544896,3.9976702764876113
Ã»,21,80,3.418295834054489,4.201841232302569
ð©,21,80,3.3927474104487847,2.395461844238322
¸É,21,80,3.180832987205441,3.5898980954642865
¶Ë,21,80,3.180832987205441,3.3248629576173574
ÌÀ,21,80,3.0220552088742005,3.9057645846554525
ÇÚ,20,80,4.247927513443583,2.139835523706203
¿ú,20,80,4.169925001442312,3.875
Ïú,20,80,4.1219280948873624,4.0
Ïó,20,80,4.08746284125034,3.7871439606981383
³Æ,20,80,4.058813890331201,4.142664355548846
¾ã,20,80,4.037401197654111,3.773557262275185
±³,20,80,4.0,4.169925001442312
Êâ,20,80,3.969815782426811,3.969815782426811
»·,20,80,3.969815782426811,3.94770277922009
Ôó,20,80,3.969815782426811,3.6841837197791887
¸º,20,80,3.921928094887362,3.7004397181410926
ÃÉ,20,80,3.734521664779752,3.969815782426811
¾¹,20,80,3.6421498816369033,3.8521687236032816
¿¤,20,80,3.577819531114783,3.702819531114783
¿õ,20,80,3.5280643115840493,3.418295834054489
ö«,20,80,3.5068905956085183,3.323231428797621
Ìâ,20,80,3.4992275471326932,4.03740119765411
Ô½,20,80,3.459431618637298,4.058813890331201
Ó¢,20,80,3.381580488309164,3.6644977792004623
´Ô,20,80,3.321928094887362,3.794653473544342
¹Ü,20,80,3.286895754518763,3.7841837197791888
î¿,20,80,3.2806390622295662,3.6644977792004623
ÑÊ,20,80,3.2776134368191165,2.884183719779189
ÊÊ,20,80,3.084962500721156,3.027169118440619
²Î,20,80,2.9847696187067423,3.906890595608518
ìô,20,80,2.8453509366224368,3.8521687236032816
õü,20,80,2.807354922057604,3.7216117239698994
Õ«,19,80,4.169925001442312,3.572469458770136
Áè,19,80,4.142664355548847,4.0
ÀË,19,80,4.08746284125034,4.142664355548846
àµ,19,80,4.058813890331201,3.8365916681089787
¸÷,19,80,4.03740119765411,3.906890595608518
´ï,19,80,3.906890595608518,3.969815782426811
Öø,19,80,3.875,4.08746284125034
·Ã,19,80,3.875,3.969815782426811
ÐÞ,19,80,3.875,3.906890595608518
·Å,19,80,3.875,3.6644977792004623
°Ý,19,80,3.8521687236032816,4.0
³Ï,19,80,3.807763576417195,4.169925001442312
´ß,19,80,3.8073549220576055,4.247927513443583
Ë»,19,80,3.8073549220576055,3.197159723424149
²ß,19,80,3.773557262275185,3.773557262275185
É¨,19,80,3.7735572622751845,3.969815782426811
¸©,19,80,3.7216117239698994,3.459431618637298
ÓÑ,19,80,3.7004397181410926,3.5724312513221195
ÚË,19,80,3.6644977792004623,3.007196489685618
¾»,19,80,3.640223928941851,3.6168746059562222
×æ,19,80,3.589898095464287,3.521640636343319
·µ,19,80,3.577819531114783,4.058813890331201
Ææ,19,80,3.546593564294939,3.8521687236032816
Â©,19,80,3.546593564294939,3.5724312513221195
ÒØ,19,80,3.5465935642949384,3.452819531114783
Ðß,19,80,3.418295834054489,3.7004397181410926
¹­,19,80,3.334679141051595,3.75
½ó,19,80,3.334679141051595,3.350209029099897
Àû,19,80,3.323231428797621,2.4092672522514684
¸ù,19,80,3.321928094887362,3.94770277922009
Âå,19,80,3.3082708345352603,3.182005814760214
é×,19,80,3.2516291673878226,3.0565647621309537
Ç³,19,80,3.169925001442312,3.640223928941851
Ä®,19,80,2.836591668108979,2.1735572622751858
À¥,19,80,2.4193819456463714,3.546593564294939
ÎÂ,19,80,2.2051099000738694,3.2516291673878226
Æü,18,80,4.169925001442312,3.773557262275185
ÃÖ,18,80,4.169925001442312,3.459431618637298
Äâ,18,80,4.169925001442312,3.188721875540867
Éá,18,80,4.0,3.337175341123077
Ó¯,18,80,3.969815782426811,3.969815782426811
µþ,18,80,3.969815782426811,3.0957952550009344
Ùâ,18,80,3.94770277922009,4.169925001442312
¼æ,18,80,3.94770277922009,3.8073549220576055
Éä,18,80,3.906890595608518,3.640223928941851
À¢,18,80,3.875,4.0
Ëø,18,80,3.875,3.5304930567574826
ÐÀ,18,80,3.8521687236032816,3.418295834054489
ÏÛ,18,80,3.807763576417195,3.577819531114783
Ëà,18,80,3.807763576417195,3.334679141051595
¿Þ,18,80,3.8073549220576055,4.0
ºò,18,80,3.8073549220576055,3.94770277922009
½¿,18,80,3.8073549220576055,3.875
êÔ,18,80,3.794653473544342,3.7004397181410926
´Í,18,80,3.734521664779752,3.906890595608518
ÂÃ,18,80,3.734521664779752,2.94770277922009
Ò¢,18,80,3.6901165175936654,4.058813890331201
¶¬,18,80,3.6901165175936654,3.4182958340544896
ÒÛ,18,80,3.6644977792004623,3.875
²ã,18,80,3.5898980954642865,3.7004397181410926
¹Ì,18,80,3.584962500721156,4.08746284125034
Ê¡,18,80,3.5465935642949384,3.6644977792004623
½Ç,18,80,3.5068905956085183,3.875
Ë¹,18,80,3.5068905956085183,3.6644977792004623
ºÀ,18,80,3.5032583347756456,3.6644977792004623
ÌÚ,18,80,3.456564762130954,3.188721875540867
×·,18,80,3.4565647621309536,2.875
å£,18,80,3.3248629576173574,3.9057645846554525
Ï¯,18,80,3.321928094887362,3.94770277922009
Ñª,18,80,3.321928094887362,3.1493974703476995
¾Í,18,80,3.2359263506290334,3.8073549220576055
µ×,18,80,3.169925001442312,3.6835423624332306
ÊÐ,18,80,3.169925001442312,3.572469458770136
Êï,18,80,3.121928094887362,3.807763576417195
ÕÐ,18,80,3.0565647621309537,3.6644977792004623
¼¢,18,80,2.9312089489103235,3.6644977792004623
Âþ,18,80,2.931208948910323,2.8962915290459286
ÄÁ,18,80,2.692380602454975,3.3927474104487847
»Ô,18,80,2.584962500721156,2.1295679874183233
µñ,17,80,4.08746284125034,3.8073549220576055
±»,17,80,3.906890595608518,4.0
Ñ¹,17,80,3.875,4.08746284125034
È¸,17,80,3.875,3.6644977792004623
Ô¡,17,80,3.8521687236032816,3.640223928941851
Ìí,17,80,3.807763576417195,4.08746284125034
Áµ,17,80,3.8073549220576055,3.875
±Ê,17,80,3.8073549220576055,3.640223928941851
¾«,17,80,3.7735572622751845,3.418295834054489
Ïæ,17,80,3.7735572622751845,2.751629167387823
°Ñ,17,80,3.75,3.128085278891395
Åª,17,80,3.734521664779752,3.7004397181410926
ºø,17,80,3.702819531114783,3.521640636343319
Ëû,17,80,3.702819531114783,3.459431618637298
Ä±,17,80,3.6644977792004623,3.6644977792004623
éÜ,17,80,3.589898095464287,3.418295834054489
³ý,17,80,3.584962500721156,3.6402239289418516
ÕÉ,17,80,3.572469458770136,3.077819531114783
ÂÖ,17,80,3.5465935642949384,3.180832987205441
Ç¿,17,80,3.459431618637298,3.584962500721156
¶ú,17,80,3.418295834054489,3.3927474104487847
Ðä,17,80,3.3927474104487847,3.773557262275185
Çä,17,80,3.3927474104487847,3.334679141051595
Í£,17,80,3.378783493486176,2.617492461184755
²Ò,17,80,3.3248629576173574,3.75
Ö§,17,80,3.3248629576173574,3.589898095464287
×±,17,80,3.321928094887362,3.521640636343319
åÄ,17,80,3.2776134368191165,3.6644977792004623
ÏÕ,17,80,3.277613436819116,3.75
óï,17,80,3.182005814760214,2.5220552088742005
Õí,17,80,3.180832987205441,3.6644977792004623
¼Ê,17,80,3.095795255000934,3.4992275471326932
µ÷,17,80,3.0269868333592873,3.6644977792004623
¸Ä,17,80,3.0,4.08746284125034
Ñ¨,17,80,3.0,3.577819531114783
ÖÞ,17,80,3.0,3.1692486956952335
¼²,17,80,2.8464393446710154,3.7004397181410926
ÒÇ,17,80,2.807354922057604,3.4056390622295662
½è,17,80,2.646782221599798,2.94770277922009
³¡,17,80,2.321928094887362,3.75
½ò,17,80,2.321928094887362,3.3735572622751855
Ïü,16,80,4.0,2.835237745312118
´©,16,80,3.906890595608518,3.8073549220576055
³¬,16,80,3.906890595608518,3.7735572622751845
¿Ö,16,80,3.875,3.188721875540867
Î½,16,80,3.8073549220576055,3.4565647621309536
´Ý,16,80,3.773557262275185,3.8073549220576055
ÑÏ,16,80,3.702819531114783,3.7004397181410926
ÉÔ,16,80,3.702819531114783,3.334679141051595
ºô,16,80,3.6644977792004623,3.546593564294939
»Ó,16,80,3.640223928941851,3.0
¸û,16,80,3.584962500721156,3.5465935642949384
Êª,16,80,3.584962500721156,3.4677201004745006
ÕÌ,16,80,3.584962500721156,2.8553885422075336
Úª,16,80,3.577819531114783,3.321928094887362
Èå,16,80,3.521640636343319,2.663532754804255
ÝÓ,16,80,3.5,3.321928094887362
ÕÊ,16,80,3.459431618637298,3.640223928941851
±§,16,80,3.459431618637298,3.5898980954642865
Ë½,16,80,3.459431618637298,2.8150724101159437
µÑ,16,80,3.4182958340544896,3.106890595608518
¶¥,16,80,3.418295834054489,2.835237745312118
½¨,16,80,3.375,3.459431618637298
×Ý,16,80,3.373557262275185,3.584962500721156
ÆÁ,16,80,3.321928094887362,3.6644977792004623
Çì,16,80,3.321928094887362,3.277613436819116
µ©,16,80,3.2402239289418517,2.4508257945180882
Ã·,16,80,3.180832987205441,3.8073549220576055
Íö,16,80,3.169925001442312,3.875
Â®,16,80,3.169925001442312,3.773557262275185
°°,16,80,3.09306920777189,3.0220552088742
µû,16,80,3.085055102756477,3.6644977792004623
Ç¨,16,80,3.0269868333592873,3.8073549220576055
³ç,16,80,2.94770277922009,3.8073549220576055
ÐÕ,16,80,2.931208948910323,3.452819531114783
Ïé,16,80,2.9219280948873623,3.546593564294939
ÆÝ,16,80,2.8729055953200557,3.521640636343319
»Â,16,80,2.866247897312731,3.2516291673878226
¼¯,16,80,2.807354922057604,3.875
´¬,16,80,2.807354922057604,2.8662478973127308
±ö,16,80,2.75,3.6644977792004623
Ïè,16,80,2.75,3.32323142879762
ÐÖ,16,80,2.699513850319966,2.835237745312118
ÐÁ,16,80,2.5849625007211565,3.418295834054489
²×,16,80,2.5550365325772657,3.7004397181410926
Æà,16,80,2.349601752714581,3.169925001442312
È¤,16,80,2.321928094887362,3.875
´Ð,16,80,2.221251836004466,2.6535442970305683
öÇ,16,80,2.0049355947431313,2.6416041678685933
ÔÓ,15,80,3.8073549220576055,3.7004397181410926
±Ë,15,80,3.8073549220576055,3.121928094887362
½Ö,15,80,3.773557262275185,2.8073904508767225
Óà,15,80,3.7735572622751845,3.238901256602631
·ö,15,80,3.7004397181410926,3.7004397181410926
Òæ,15,80,3.7004397181410926,3.418295834054489
Îß,15,80,3.7004397181410926,2.835237745312118
Õ°,15,80,3.6644977792004623,3.6644977792004623
¶é,15,80,3.6644977792004623,3.584962500721156
ÀÀ,15,80,3.6644977792004623,3.5465935642949384
Í­,15,80,3.6644977792004623,3.321928094887362
×¤,15,80,3.5898980954642865,3.8073549220576055
×à,15,80,3.584962500721156,3.8073549220576055
±¸,15,80,3.584962500721156,3.7004397181410926
ÆÌ,15,80,3.584962500721156,3.5898980954642865
æú,15,80,3.584962500721156,2.5219280948873624
Ìã,15,80,3.584962500721156,2.0049355947431313
¼×,15,80,3.5465935642949384,3.7004397181410926
Ìé,15,80,3.4677201004745006,3.6644977792004623
óÕ,15,80,3.4677201004744997,2.2221915755066783
´Ù,15,80,3.459431618637298,3.7004397181410926
Ì³,15,80,3.459431618637298,3.521640636343319
³Ì,15,80,3.459431618637298,3.506890595608519
ÂÜ,15,80,3.418295834054489,3.182005814760214
áé,15,80,3.418295834054489,2.146465798504072
Å©,15,80,3.3927474104487847,3.321928094887362
¶ø,15,80,3.373557262275185,3.2776134368191165
×Ê,15,80,3.321928094887362,3.906890595608518
ÂÉ,15,80,3.321928094887362,3.773557262275185
Êî,15,80,3.321928094887362,2.565448371820826
Ðû,15,80,3.2776134368191165,3.085055102756477
Â²,15,80,3.277613436819116,3.418295834054489
ÐÓ,15,80,3.272905595320056,3.3927474104487847
³Î,15,80,3.2516291673878226,3.8073549220576055
»±,15,80,3.2359263506290334,2.9312089489103235
Ä»,15,80,3.188721875540867,3.6644977792004623
Ëé,15,80,3.169925001442312,3.6644977792004623
×Ö,15,80,3.169925001442312,3.6644977792004623
Ôº,15,80,3.169925001442312,3.521640636343319
Ðª,15,80,3.169925001442312,3.2516291673878226
×ù,15,80,3.169925001442312,3.0269868333592873
ÃÜ,15,80,3.121928094887362,3.7004397181410926
¾³,15,80,3.121928094887362,3.3248629576173574
¶¡,15,80,3.121928094887362,3.2516291673878226
Àæ,15,80,3.106890595608519,3.027169118440619
ÎÚ,15,80,3.09306920777189,3.169925001442312
ÓÒ,15,80,3.085055102756477,3.0220552088742
Çí,15,80,3.039148671903071,3.2776134368191165
Áª,15,80,3.027169118440619,3.3248629576173574
Â»,15,80,3.0220552088742,3.0957952550009344
êÍ,15,80,3.0,3.4565647621309536
Ò«,15,80,2.9477027792200903,3.1329145639793974
±í,15,80,2.8464393446710154,3.418295834054489
¶ë,15,80,2.8453509366224368,2.2998963911678914
²ý,15,80,2.807354922057604,3.5068905956085183
Ë³,15,80,2.751629167387823,3.459431618637298
Æô,15,80,2.521640636343318,3.8073549220576055
Ùú,15,80,2.292481250360578,3.459431618637298
Óµ,14,80,3.8073549220576055,3.0957952550009344
¸Þ,14,80,3.8073549220576055,2.6612262562697895
É±,14,80,3.7004397181410926,3.7004397181410926
Ñø,14,80,3.7004397181410926,3.169925001442312
¿Ï,14,80,3.7004397181410926,2.9182958340544896
ÆÑ,14,80,3.584962500721156,3.5465935642949384
ãÃ,14,80,3.546593564294939,3.3927474104487847
Èð,14,80,3.5465935642949384,3.121928094887362
¹Ò,14,80,3.521640636343319,3.584962500721156
ÍÑ,14,80,3.521640636343319,3.0
¼ö,14,80,3.459431618637298,3.6644977792004623
ÂÄ,14,80,3.459431618637298,3.5465935642949384
³è,14,80,3.459431618637298,3.459431618637298
ÂÔ,14,80,3.459431618637298,3.3927474104487847
ÍË,14,80,3.459431618637298,3.2776134368191165
¼Ã,14,80,3.418295834054489,3.418295834054489
µ¯,14,80,3.418295834054489,3.121928094887362
ÖÚ,14,80,3.3248629576173574,3.277613436819116
Æ¿,14,80,3.321928094887362,3.7004397181410926
Ó½,14,80,3.321928094887362,3.5465935642949384
ÔË,14,80,3.321928094887362,3.321928094887362
Ï´,14,80,3.321928094887362,3.169925001442312
»Ò,14,80,3.321928094887362,2.8453509366224368
ÅÏ,14,80,3.277613436819116,3.6644977792004623
¸Í,14,80,3.277613436819116,3.378783493486176
¾Û,14,80,3.188721875540867,3.169925001442312
½ç,14,80,3.169925001442312,3.3248629576173574
×¾,14,80,3.169925001442312,3.277613436819116
Ðý,14,80,3.169925001442312,2.9219280948873623
Àö,14,80,3.121928094887362,3.584962500721156
¹¤,14,80,3.121928094887362,3.5465935642949384
Ê·,14,80,3.121928094887362,3.182005814760214
ÏÞ,14,80,3.121928094887362,2.09306920777189
»°,14,80,3.0220552088742,3.418295834054489
ÑÞ,14,80,3.0,3.459431618637298
×Ã,14,80,3.0,3.2516291673878226
ÐÑ,14,80,3.0,2.7516291673878226
µÌ,14,80,2.9477027792200903,3.5465935642949384
Ô²,14,80,2.94770277922009,3.169925001442312
Æ£,14,80,2.8464393446710154,3.459431618637298
×ä,14,80,2.807354922057604,3.188721875540867
Êµ,14,80,2.75,3.5465935642949384
ÐÎ,14,80,2.75,3.277613436819116
×é,14,80,2.75,3.180832987205441
¹³,14,80,2.75,3.027169118440619
Êæ,14,80,2.7321588913645707,3.121928094887362
Ç®,14,80,2.584962500721156,3.0220552088742
Ôì,14,80,2.556656707462823,3.459431618637298
Õä,14,80,2.4508257945180887,2.2516291673878226
·Ù,14,80,2.4040097573248604,3.321928094887362
ÏÎ,13,80,3.7004397181410926,3.2776134368191165
Ð´,13,80,3.7004397181410926,3.169925001442312
ÊÏ,13,80,3.584962500721156,3.3927474104487847
Ô¹,13,80,3.584962500721156,2.6416041678685933
ÁÄ,13,80,3.546593564294939,2.94770277922009
ÍÆ,13,80,3.459431618637298,3.584962500721156
õÏ,13,80,3.459431618637298,2.7192945256669794
Ñû,13,80,3.4182958340544896,3.169925001442312
Á²,13,80,3.4182958340544896,2.75
Ð£,13,80,3.418295834054489,3.459431618637298
¼Ì,13,80,3.418295834054489,3.277613436819116
¹Ö,13,80,3.418295834054489,3.027169118440619
Íø,13,80,3.321928094887362,3.418295834054489
á¶,13,80,3.321928094887362,3.334679141051595
Íß,13,80,3.321928094887362,2.40400975732486
³å,13,80,3.2776134368191165,3.7004397181410926
¶Ì,13,80,3.2516291673878226,3.121928094887362
ÝÇ,13,80,3.188721875540867,2.9219280948873623
±Æ,13,80,3.169925001442312,3.459431618637298
Ñ¡,13,80,3.169925001442312,3.459431618637298
Êñ,13,80,3.169925001442312,3.321928094887362
ÈÊ,13,80,3.169925001442312,3.169925001442312
Æö,13,80,3.169925001442312,3.095795255000934
Ô«,13,80,3.169925001442312,3.085055102756477
¶á,13,80,3.121928094887362,3.321928094887362
½¾,13,80,3.121928094887362,3.188721875540867
Çê,13,80,3.121928094887362,2.5503407095463886
Éª,13,80,3.0,3.0269868333592873
Êð,13,80,2.94770277922009,3.3927474104487847
Ó¥,13,80,2.9312089489103235,3.418295834054489
Êù,13,80,2.8464393446710154,3.418295834054489
¶³,13,80,2.807354922057604,3.459431618637298
ôÃ,13,80,2.807354922057604,3.334679141051595
á¯,13,80,2.807354922057604,3.321928094887362
½í,13,80,2.807354922057604,3.0957952550009344
Ãñ,13,80,2.75,3.5465935642949384
Ñ»,13,80,2.75,3.321928094887362
ºÚ,13,80,2.75,3.169925001442312
ÅÛ,13,80,2.75,2.5503407095463886
·³,13,80,2.725480556997868,3.277613436819116
È®,13,80,2.663532754804255,3.2516291673878226
ÀÈ,13,80,2.4056390622295662,3.2516291673878226
°Ô,13,80,2.368522527728207,3.0
÷ì,13,80,2.2810361125534233,2.931208948910323
Îà,13,80,2.2464393446710154,3.0220552088742
ÏÊ,13,80,2.2359263506290326,3.459431618637298
á°,12,80,3.584962500721156,3.459431618637298
¼¤,12,80,3.584962500721156,2.8464393446710154
È÷,12,80,3.459431618637298,3.584962500721156
²å,12,80,3.459431618637298,3.169925001442312
ÊÜ,12,80,3.4182958340544896,3.459431618637298
½×,12,80,3.4182958340544896,3.169925001442312
É­,12,80,3.418295834054489,3.321928094887362
Ôù,12,80,3.418295834054489,3.169925001442312
Ñ×,12,80,3.418295834054489,3.0
Òå,12,80,3.321928094887362,3.277613436819116
Ïï,12,80,3.321928094887362,3.2516291673878226
ÒÝ,12,80,3.321928094887362,2.807354922057604
Ìá,12,80,3.2776134368191165,3.169925001442312
ÑÅ,12,80,3.2776134368191165,2.94770277922009
·ü,12,80,3.2776134368191165,2.75
Þº,12,80,3.277613436819116,2.9139770731827523
×ó,12,80,3.188721875540867,3.169925001442312
Î»,12,80,3.169925001442312,3.459431618637298
Àé,12,80,3.169925001442312,3.321928094887362
¹ù,12,80,3.169925001442312,3.2516291673878226
¼Æ,12,80,3.169925001442312,3.0220552088742
Öù,12,80,3.169925001442312,3.0220552088742
ì·,12,80,3.169925001442312,2.845350936622437
×è,12,80,3.121928094887362,3.459431618637298
ïô,12,80,3.121928094887362,3.169925001442312
ÖÒ,12,80,3.121928094887362,3.0
Ãà,12,80,3.121928094887362,3.0
Âó,12,80,3.0849625007211556,2.807354922057604
Ï·,12,80,3.027169118440619,2.94770277922009
ÖÃ,12,80,3.027169118440619,2.321928094887362
°à,12,80,3.0,3.321928094887362
¹ã,12,80,3.0,3.169925001442312
ºç,12,80,3.0,2.94770277922009
ÍÃ,12,80,3.0,2.4193819456463714
Îò,12,80,2.94770277922009,3.0957952550009344
Ï¾,12,80,2.94770277922009,2.7516291673878226
·¨,12,80,2.8464393446710154,3.321928094887362
È°,12,80,2.8464393446710154,2.321928094887362
ÀÛ,12,80,2.807354922057604,3.321928094887362
ÂÅ,12,80,2.725480556997868,2.75
Çø,12,80,2.725480556997868,2.663532754804255
Éç,12,80,2.6416041678685933,3.121928094887362
Ïì,12,80,2.584962500721156,3.418295834054489
Ó§,12,80,2.584962500721156,2.9182958340544896
¼Ð,12,80,2.3685225277282065,3.169925001442312
×°,12,80,2.321928094887362,3.095795255000934
Êø,12,80,2.2516291673878226,2.113283334294875
²ñ,12,80,2.1258145836939115,2.9139770731827523
Êì,12,80,2.0,3.418295834054489
±²,12,80,2.0,3.0220552088742
ÅÅ,11,80,3.459431618637298,3.459431618637298
ºØ,11,80,3.459431618637298,3.277613436819116
Éõ,11,80,3.459431618637298,3.121928094887362
±Ù,11,80,3.459431618637298,3.095795255000934
¼Î,11,80,3.459431618637298,2.807354922057604
Ãâ,11,80,3.459431618637298,2.6416041678685933
Ôá,11,80,3.321928094887362,3.459431618637298
Ìå,11,80,3.321928094887362,3.321928094887362
ÌÆ,11,80,3.321928094887362,3.0
Åå,11,80,3.321928094887362,2.9219280948873623
×Ü,11,80,3.2776134368191165,2.5216406363433186
ÓÝ,11,80,3.169925001442312,2.75
»»,11,80,3.121928094887362,3.459431618637298
Í÷,11,80,3.095795255000934,3.169925001442312
º«,11,80,3.095795255000934,2.807354922057604
¶ñ,11,80,3.0,3.321928094887362
µÎ,11,80,3.0,3.321928094887362
¸¾,11,80,3.0,3.095795255000934
×¯,11,80,3.0,2.94770277922009
²Ã,11,80,2.94770277922009,3.0
´Ø,11,80,2.9219280948873623,3.169925001442312
ÎÀ,11,80,2.8464393446710154,3.121928094887362
ÆÞ,11,80,2.8464393446710154,3.0
Î¶,11,80,2.807354922057604,3.321928094887362
²®,11,80,2.807354922057604,3.1219280948873624
Ûå,11,80,2.807354922057604,3.121928094887362
²Í,11,80,2.807354922057604,2.75
Áõ,11,80,2.807354922057604,2.321928094887362
ÕÈ,11,80,2.75,3.0957952550009344
ÑÉ,11,80,2.75,3.0
½¡,11,80,2.75,3.0
Ë¾,11,80,2.75,2.9477027792200903
èÃ,11,80,2.663532754804255,2.4056390622295662
Âç,11,80,2.6464393446710153,3.027169118440619
²·,11,80,2.6464393446710153,2.584962500721156
Å¨,11,80,2.584962500721156,3.321928094887362
Ôå,11,80,2.584962500721156,3.2776134368191165
»í,11,80,2.584962500721156,3.169925001442312
Îñ,11,80,2.584962500721156,3.027169118440619
Ë÷,11,80,2.584962500721156,2.8464393446710154
µ¶,11,80,2.584962500721156,2.4040097573248604
ôÁ,11,80,2.5219280948873624,2.0
ÈÈ,11,80,2.321928094887362,3.459431618637298
Ðæ,11,80,2.2516291673878226,3.169925001442312
ºâ,11,80,2.1609640474436813,3.0
À°,11,80,2.1556390622295662,2.4056390622295662
À»,11,80,2.128085278891394,3.0957952550009344
Îº,11,80,2.049452072789394,2.584962500721156
Ê°,11,80,2.0,3.121928094887362
Òé,10,80,3.321928094887362,2.94770277922009
Ì¤,10,80,3.321928094887362,2.807354922057604
µê,10,80,3.321928094887362,2.725480556997868
ÊÔ,10,80,3.321928094887362,2.0
ä¾,10,80,3.169925001442312,3.321928094887362
Óâ,10,80,3.169925001442312,3.169925001442312
µº,10,80,3.169925001442312,3.1219280948873624
Î¯,10,80,3.169925001442312,3.0
ÖÍ,10,80,3.169925001442312,2.94770277922009
Êä,10,80,3.169925001442312,2.584962500721156
Ãý,10,80,3.169925001442312,2.0
Ë·,10,80,3.1219280948873624,3.169925001442312
ÆÄ,10,80,3.121928094887362,3.0
±È,10,80,3.121928094887362,2.807354922057604
Âò,10,80,3.121928094887362,2.5
×¢,10,80,3.0,3.321928094887362
ºÁ,10,80,3.0,3.121928094887362
È¾,10,80,3.0,3.121928094887362
¸¸,10,80,3.0,2.8464393446710154
Ò²,10,80,3.0,2.807354922057604
ÈÎ,10,80,3.0,2.807354922057604
ÚØ,10,80,3.0,2.807354922057604
¾ö,10,80,3.0,2.807354922057604
ÖÂ,10,80,3.0,2.75
±Î,10,80,2.94770277922009,3.321928094887362
Õª,10,80,2.94770277922009,3.0
èµ,10,80,2.94770277922009,2.807354922057604
ÌÙ,10,80,2.94770277922009,2.807354922057604
Ö´,10,80,2.94770277922009,2.584962500721156
·Ø,10,80,2.94770277922009,2.521640636343318
Ï¿,10,80,2.94770277922009,2.321928094887362
½ú,10,80,2.94770277922009,2.2516291673878226
¶í,10,80,2.9219280948873623,2.0
Óí,10,80,2.8464393446710154,3.121928094887362
¼ý,10,80,2.807354922057604,3.321928094887362
ã«,10,80,2.807354922057604,3.321928094887362
ÂÇ,10,80,2.807354922057604,3.121928094887362
¶Ã,10,80,2.807354922057604,3.121928094887362
Íþ,10,80,2.807354922057604,3.0
µç,10,80,2.807354922057604,2.94770277922009
Èõ,10,80,2.807354922057604,2.807354922057604
Í©,10,80,2.807354922057604,2.4056390622295662
³ê,10,80,2.75,3.321928094887362
°¢,10,80,2.75,3.0
ÀÁ,10,80,2.75,2.94770277922009
ÊÝ,10,80,2.75,2.584962500721156
×¨,10,80,2.75,2.0
ÓÞ,10,80,2.584962500721156,2.94770277922009
³¨,10,80,2.5219280948873624,3.321928094887362
ì¥,10,80,2.5,3.169925001442312
¹í,10,80,2.5,3.0
×Ç,10,80,2.4464393446710155,2.584962500721156
¹¢,10,80,2.4193819456463714,2.6416041678685933
Îý,10,80,2.4056390622295662,3.0
²¼,10,80,2.4056390622295662,2.725480556997868
¸Ô,10,80,2.2516291673878226,3.121928094887362
÷,10,80,2.2516291673878226,2.6464393446710153
Èá,10,80,2.2516291673878226,2.584962500721156
Ðò,10,80,2.0,3.321928094887362
±Ï,10,80,2.0,2.807354922057604
Î¾,10,80,2.0,2.321928094887362
Î¼Ë®,93,219.54113011724004,5.461496289291864,5.35390925890053
³¤°²,61,424.1578917572464,4.6341837197791875,4.6313462116713175
ÉÌÉ½,59,313.56634430237335,4.929791950188612,4.248495255525412
å±Áê,52,342.0118343195266,4.839661719245797,4.66257326515091
¶ÅÁê,51,833.6538461538462,5.050340709546387,4.788909765557392
ÄÏÉ½,48,85.43604903921398,4.850209029099895,3.280852110594051
ÎåÁê,47,401.8639053254438,4.953213053667205,4.459431618637295
°×ÔÆ,47,95.30985578312159,4.990104580233179,4.696131794257844
Ò»×÷,46,177.39246467817895,5.5235619560570095,5.402964207440784
Ì«°×,43,385.91757699755215,3.8245334068819106,4.720049960644813
æêÉ½,42,299.0261716372489,4.855789718806774,4.82516405232236
×Ï¸ó,41,807.4114157447491,4.3843364733862265,3.702819531114783
Ç§Àï,41,238.31456154465005,4.910992253015044,4.517559429596343
»ØÊ×,34,625.203982334007,4.403856189774723,3.452819531114783
ÖÕÄÏ,33,350.80707979920373,3.063765377027914,4.247927513443583
ÍòÀï,30,176.26165988997846,4.754887502163471,3.6644977792004623
ÇàÃÅ,29,143.98597299700864,4.250826743850996,3.521640636343319
å±Ë®,28,94.6497867070318,3.8292750707107124,3.94770277922009
ã°âê,27,6823.611111111111,4.142664355548846,3.095795255000934
ÓÆÓÆ,27,1671.0884353741496,3.875,3.6835423624332306
ÂäÈÕ,26,85.26097984247764,4.221928094887362,3.584962500721156
ÇåÎ¼,24,107.32151308843339,3.787143960698138,3.8521687236032816
å±°¶,22,551.3466639461334,3.8521687236032816,3.5465935642949384
²Ô²Ô,22,446.6363636363636,3.418295834054489,3.2516291673878226
Ïà·ê,22,234.40902190414226,4.058813890331201,3.584962500721156
¹ÊÈË,22,108.37210235020454,3.875,3.6644977792004623
Ã÷ÔÂ,22,92.30545876887341,4.058813890331201,3.459431618637298
ÈÕÄº,21,111.39867841409692,4.03740119765411,2.584962500721156
´ºÉ«,21,88.46787055615579,4.08746284125034,3.8521687236032816
¼ÅÄ¯,20,4466.363636363636,4.08746284125034,3.277613436819116
ÌÒ»¨,20,339.38933407018516,4.03740119765411,3.7004397181410926
Ê®Äê,20,204.96453900709218,3.8073549220576055,2.751629167387823
ÇØ´¨,19,197.03436339074636,3.321928094887362,3.640223928941851
Ìì×Ó,19,81.60273445695503,3.875,2.9219280948873623
ÏÌÑô,18,935.4135815527819,3.521640636343319,3.321928094887362
ÇØÁë,18,419.9943009118541,3.640223928941851,3.334679141051595
Î¼´¨,18,145.01180637544275,3.6644977792004623,4.0
ÈË¼ä,18,88.66808374107644,3.3927474104487847,3.321928094887362
Ü½ÈØ,17,14450.0,3.5465935642949384,3.8073549220576055
ÑîÁø,17,819.4760596546311,3.8073549220576055,3.459431618637298
Ï¦Ñô,17,328.4607519270096,3.7735572622751845,3.459431618637298
Î¼ÇÅ,17,250.0928254880824,2.6464393446710157,3.75
³µÂí,17,249.92818241666168,3.7004397181410926,3.5465935642949384
ÈýÔÂ,17,86.61129085780654,3.773557262275185,2.94770277922009
Î¼³Ç,17,85.85276098844619,3.277613436819116,3.121928094887362
Ö÷ÈË,16,137.9281302638967,3.8073549220576055,2.584962500721156
Î¼±±,16,107.55842592085818,3.3248629576173574,2.807354922057604
·ï»Ë,15,2890.0,3.0957952550009344,3.169925001442312
ÏôÌõ,15,1346.765350877193,3.321928094887362,2.2359263506290326
¼ÑÆø,15,718.9756097560976,3.5465935642949384,3.0
·ç´µ,15,138.1815795394885,3.4182958340544896,3.5465935642949384
µ±Ê±,15,102.39967763450423,3.7735572622751845,2.807354922057604
º®Ê³,14,718.2748538011696,3.7004397181410926,3.188721875540867
ãþË®,14,228.51162790697674,3.584962500721156,2.75
±ðÀë,14,210.34250764525993,3.0,3.7004397181410926
»Æ½ð,14,142.22911497105045,2.94770277922009,3.459431618637298
Ç§Íò,14,99.41031941031942,3.3927474104487847,3.5465935642949384
¶«Á÷,14,89.03127265196231,3.277613436819116,2.5219280948873624
Ô§Ñì,13,8773.214285714286,3.321928094887362,3.0
Ð¯ÊÖ,13,2123.3045212765956,3.169925001442312,3.0
´äÎ¢,13,291.7191924728236,2.584962500721156,3.4182958340544896
·¼²Ý,13,224.95421245421247,3.2776134368191165,3.121928094887362
¾ÅÖØ,13,209.7504105090312,2.8464393446710154,2.2516291673878226
ËÍ¾ý,13,176.48245371649628,3.277613436819116,2.584962500721156
³ÇãÚ,13,172.69359723123512,3.0,3.0
Íò¹ú,13,152.76010523798135,2.6464393446710153,2.584962500721156
Â¤É½,13,136.2625874722649,3.3927474104487847,3.0
Æ½Éú,13,134.83575409559197,3.546593564294939,2.584962500721156
¶«Î÷,13,87.71286530432872,3.321928094887362,2.75
å±›º,12,498.3601014370245,3.321928094887362,3.0
ÑÌÏ¼,12,378.7485545419504,3.459431618637298,3.169925001442312
¾­¹ý,12,299.84742142203237,3.121928094887362,2.521640636343318
ÖÁ½ñ,12,298.02851076736425,2.4056390622295662,2.0
å±Í¤,12,295.6373483100993,3.121928094887362,2.75
²ÝÄ¾,12,249.18005071851226,3.321928094887362,2.807354922057604
ÓêÂ¶,12,213.02211302211302,3.0,3.0
ÈýÊ®,12,186.66413373860183,2.7321588913645707,2.4056390622295662
Íò¹Å,12,153.21205821205822,3.277613436819116,2.321928094887362
¾ÉÓÎ,12,135.53103448275863,2.75,2.2359263506290326
°ÙÀï,12,134.46765806039596,2.321928094887362,2.0
³¤ÀÖ,12,121.36857707509881,2.94770277922009,3.0
Ô­ÉÏ,12,96.33333333333333,2.94770277922009,3.277613436819116
²ÝÉ«,12,94.71756313861577,3.169925001442312,2.321928094887362
»¶Óé,11,3271.36803874092,3.169925001442312,2.807354922057604
Óù¹µ,11,2222.1628289473683,2.321928094887362,3.121928094887362
¼ÅÁÈ,11,2047.0833333333333,2.807354922057604,2.584962500721156
³¾°£,11,1077.4122807017543,2.807354922057604,2.807354922057604
ÒÀÒÀ,11,776.2568227520827,2.321928094887362,2.94770277922009
Çú½­,11,291.651376146789,3.459431618637298,2.584962500721156
Ã÷Ö÷,11,254.72756410256412,3.0,3.0
Ì«»ª,11,202.68151815181517,3.169925001442312,2.321928094887362
ºì³¾,11,176.4727011494253,3.459431618637298,2.807354922057604
Àë±ð,11,165.2691131498471,2.321928094887362,2.94770277922009
ãÚÏÂ,11,129.38852710208772,2.321928094887362,2.725480556997868
ºº¹¬,11,127.43586115827202,3.0,2.9219280948873623
´¦´¦,11,102.96258192348728,3.459431618637298,2.75
ÇØµØ,11,99.81346040189125,3.0,2.584962500721156
¸¡ÔÆ,11,97.50126289961752,3.169925001442312,2.807354922057604
Ç¬À¤,10,13647.222222222223,2.321928094887362,2.584962500721156
ÌöµÝ,10,6823.611111111111,3.169925001442312,2.0
ÅîÀ³,10,4386.607142857143,2.9477027792200903,2.321928094887362
ÌÒÔ´,10,2090.6382978723404,2.725480556997868,2.521640636343318
À¶Ìï,10,1005.9377559377559,3.121928094887362,2.94770277922009
³¯Í¢,10,822.9480737018425,3.0,2.321928094887362
´¹Ñî,10,524.8931623931624,2.94770277922009,2.584962500721156
å·ÓÎ,10,486.8212445501387,3.169925001442312,2.584962500721156
×òÒ¹,10,425.0,3.321928094887362,2.0
ÉñÏÉ,10,345.64513859575067,2.584962500721156,3.0
ËÄº£,10,335.038188761593,3.169925001442312,2.0
¹¬µî,10,224.4608918128655,3.0,2.584962500721156
µÛ³Ç,10,154.70117765602367,3.0,2.807354922057604
Ê±½Ú,10,118.32851637764932,2.584962500721156,2.521640636343318
ÁÙÎ¼,10,94.86753688113076,2.5219280948873624,2.2516291673878226
°×·¢,10,92.49566985465773,2.521640636343318,2.807354922057604
¼¸Ê±,10,82.55477886812744,3.121928094887362,2.75
ÖÕÄÏÉ½,15,171.5193408741796,2.5,3.0
